{"/pAj3jyS7x/PUY1/4uqnQg==":"add-a-heading.svg","ODoq20tIw+Q+ZzMvvAMwzA==":"add-a-heading-1.svg","e8dNgE61PsB2HyT4QEQByw==":"img-20220606-wa0009.jpeg","WjfzXy5OcG+4iD1j4jFfvQ==":"hiace-sesfikile-model.png","QewGzLUwFKAOPx6zeyBaVg==":"quantum-model.png","41czdxsnaHSDbrnIEA0wrQ==":"quantum-model-1.png","Vb7GgbMoe0curpGYBParsg==":"background3.jpg","ifT3btivU8Qr5jbtYR381g==":"coaster-col-ret.webp","EywbWgGX2OBrj786/A3M3w==":"untitled-design-10.png","ipvVfM2YsNd0ktOcFCuqCA==":"untitled-design-11.png","yU9AUl7S/h3qtCcZCdKxeg==":"img-20220606-wa0005.jpg","TCZvfxv1qbEFsFr62B/TIw==":"eco-friendly-fuel-tablets.svg","I0EDnbaHlXJCsbp7KxyIBA==":"mbr-1920x1279.jpg","QnGW49RKDKM1XOj9L1QasA==":"mbr-1920x1288.jpg","rK2S3E+QGhquzHqetuofhw==":"mbr-1920x1280.jpg","wQQawp1pWZlG0l0NiQIF/Q==":"mbr-1-1920x1280.jpg","t/nFoPs0kLVFlMVFra0G7w==":"hiace-sesfikile-model-1.png","DniPLzz9MDchBFrPIXRCZQ==":"untitled%20design%20(19)-956x478.png","QuFBoa9ugL5MY/2Y/qOBVQ==":"untitled%20design%20(20)-432x216.png","gLJDZpffcL6ZvAr4Id0UwA==":"untitled%20design%20(20)-432x216.png","1Z70g3Ui5uC1dAT7DreTUA==":"untitled%20design%20(20)-432x216.png","LsuM2X0b+ilfOOUwyi7sOw==":"untitled%20design%20(21)-530x265.png","d6wIVxQU/hAUqp4Opph9Ug==":"untitled%20design%20(21)-530x265.png","iEpH3XA2+meiioM+3IlEMw==":"ckujs5bwc076z0qme954vyfwz-gallery-beauty-shot-1.desktop-1288x725.jpg","aIry23wJzg49JSzJZMqI5w==":"ckujquqn606xe0qmeq3bnysje-06-featured-highlights-tab-exterior.desktop-1288x725.jpg","FeyeokjIxkjgqkU/7szHkg==":"ckujs70heeqsn0qo6tv8d6isa-gallery-beauty-rear.desktop-1288x725.jpg","PMMa3cLuUQAU+s238CmT8A==":"ckugvq3wqfpaj0qnqogxmslhc-toyota-rumion-34.desktop-1288x725.jpg","/K6wtRh0UpJ+WTQoImd9yg==":"hiace-plain1-432x243.jpg","zuWy0ubFMx9bH1pK+IoMoA==":"ckgrzzlma08db0in0ca952huw-0101020209-exterior-1.desktop-1288x725.jpg","sjhlst1A+y4fqKm3w8EOxQ==":"ckgrzzlw608dc0in036mapbjo-0101020209-exterior-2.desktop-1288x725.jpg","sDMuN2A8u/B7vJx82JZGng==":"cku8hhzndut0g0qqi96c7wav7-hh3206-b.mobile-600x338.jpg","Qms7XQrhhi7tq5nckq3XUw==":"ckp43xgynlj8w0qntwi70x4sq-coaster-exterior-10.desktop-1288x725.jpg","EnhFYs5OO04tNystp5OB6w==":"ckp443fxmlk3v0qntfliyz5gq-coaster-exterior-1.desktop-1288x725.jpg","qYZO93D9S/Q6QsHfbmnflA==":"ckp43x1b7lj720qnteqcp5lmg-coaster-exterior-3.desktop-1288x725.jpg","NAaP6WFoLY40U+duXccVcg==":"ckp43y0ddljbo0qnt0fpglsmb-coaster-interior-5.desktop-1288x725.jpg","tS8FWJg+n3ir3QgsDSl3BA==":"ckltvpf1a16wh0qnvgj6ek2k0-0101020204-exterior-3.desktop-1288x725.png","Xu4urSBC++fL82xfHhzkoA==":"ckltvs2390w6d0qlutsjou1ei-0101020204-exterior-4.desktop-1288x725.png","g5M+KfuGvsQq+6U7gGeR0g==":"ckt37dy9f73c20qmqel076c21-interior-emotional-shot-hiace-01.desktop-1288x725.jpg","ox0DKOl5i9mEtTpmChL+cg==":"ckgs18vo108is0in0tg6ai42b-0101020116-exterior-2.desktop-1288x725.jpg","dyv2JLE38q4o+FndIeFtUQ==":"ckgs17xqo08ib0in0v5wn97zn-0101020116-exterior-1.desktop%20(1)-1288x725.jpg","4JaxFRNUlIH283aI7yIbAw==":"ckgs18vlz08ir0in0ut97o9fl-0101020116-interior-1.desktop-1288x725.jpg","WKZLS5fU7sTfRSv0Z3fE5w==":"ckgs18xrj08iu0in0oaq7lcju-0101020116-interior-2.desktop-1288x725.png","IIroUBeODCBtEUNgWOOlNA==":"rumion_model-600x337.png","VZSf/G61+saCL42EUuAZAQ==":"untitled%20design%20(11).svg"}